id,title,bin,lunch_duration_in_minutes,enabled,created_at,updated_at,work_scheme_id,client_type_id,responsible_manager_id,image,balance,rating,contract_number,contract_date,contract,director,city_id,address,phone,email,website,certificate_series,certificate_number,certificate_date,fines,nds,is_blocked,blocked_at,block_expires_at,work_schema,partner_id,commission,image_disk,contract_disk
478,ТОО Охотская,24040027163,"0","0",2026-03-24 19:08:00,2026-03-24 19:08:00,,,3531,,"0",,83-26,2026-03-24,companies/contracts/edQBRUKkRQKECwh6ATc91G6LGg5Vzh677eBu0bWt.pdf,Киярман М,11,Улица Мельничная 24а,7011211534,,,,,,,"0",,,,agent,11,"0",,
475,ТОО ТОРГОВЫЙ ДОМ ОРДАБАСЫ - КУС АЛМАТЫ,200740021435,"0","0",2026-03-03 16:13:00,2026-03-03 16:20:39,,,3531,companies/XtOT0Wk42bOl6d437TGSWoRmvSbDC85JFCuibz6J.png,"0",,75-26,2026-02-25,companies/contracts/Z4utvRYT5hC2Gi0xH4eNSTIxuP5Vq3NC5bbXN4EW.pdf,Терещенко Елена Сергеевна,2,Мауленова 92,1212121212,,,,,,,"0",,,,service_tariff,3,"0",,
476,ИП SE GROUP,941221350690,"0","0",2026-03-03 17:47:39,2026-03-03 17:47:39,,,3531,,"0",,1111,1111-11-11,companies/contracts/MGIgN2kBoSrqpTD6L6V4QMWOLWe3WigLNNszpYNJ.pdf,Сембиев Е,29,"г. Уральск мкрн 4, дом 19, офис 70",7011211534,,,,,,,"0",,,,service_tariff,2,"0",,
480,ТОО АЛТЫН САМРУК,"070740001719","0","0",2026-03-27 18:20:53,2026-03-27 18:20:53,,,3531,,"0",,№55-26,2026-02-03,companies/contracts/NVpVLvvL4hBPV0NfdqOXNw78lK73eLUpdHNpnK85.pdf,Колесникова И А,2,"г. Алматы, ул. Жаркова 280В",7056260577,,,,,,,"0",,,,service_tariff,11,"0",,
481,ТОО ПРИМА ДИСТРИБЬЮШН В ГОРОДЕ АКТАУ,"090441014203","0","0",2026-04-01 09:37:26,2026-04-01 09:37:26,,,3531,,"0",,1111,1111-11-11,companies/contracts/kmI1ZPOc3XdtrZ4f3wKj3c7kRzQ81y4DYDEWZbWx.pdf,АХМЕТЖАНОВ Р Т,4,Г. АКТАУ ПРОМЫШЛЕННАЯ ЗОНА,7778700173,,,,,,,"0",,,,service_tariff,6,"0",,
64,Тестовая компания,124578985645,"0","0",2025-07-29 16:30:47,2026-03-03 16:58:26,,,1129,companies/HAz9oXZaNCFZicFTGyH9CcHgm1MnDWcl7Kt6FSlF.png,"0",,12123132515,2025-06-30,companies/contracts/EszMZtVrpPflfzufYlZUOBqWnKNNhTNQdlzpR8LW.docx,Тестовый руководитель,2,Гагарина 75,7076840363,,,,,,,"0",,,,agent,1,10,,
127,ТОО ALUMINIUM OF KAZAKHSTAN (АЛЮМИНИУМ ОФ КАЗАХСТАН),130440011868,"0","0",,2026-04-02 09:38:11,,,3531,,"0",,1111,1111-11-11,companies/contracts/0PvsfN3EkvDBl35OZGJNAff0qgUyUTmwNovn0dH7.pdf,Азизов Б Б,2,"Алматинская область, Илийский район, Ащибулакский сельский округ, с. М. Туймебаев, уч. 177",7056260577,,,,,,,"0",,,,service_tariff,2,1,,
66,ТОО JANA POST,230340044188,"0","0",,2026-02-27 12:03:37,,,3531,,"0",,123123,2026-02-27,companies/contracts/UEOwnzIgCTKq3s4MXMgAolbl47SyqaSWxYpi6k11.png,ewrwer wqeqw,7,St. Kazhymukana 12A,1231312412,,,,,,,"0",,,,agent,2,"0",,
119,ТОО 12 МЕСЯЦЕВ - АСТАНА,"090940000711","0","0",,,,,,,"0",,,,,,,,,,,,,,,,,,,,2,"0",,
149,ТОО TRADE RETAIL GROUP,220440022634,"0","0",,,,,,,"0",,,,,,2,,,,,,,,,,,,,,2,"0",,
427,ТОО МАРК 2020,200540023652,"0","0",2025-11-05 11:57:09,2025-11-05 11:57:09,,,3531,,"0",,1111,1111-11-11,companies/contracts/FPSWAxoVjpxsGJwmLubvLHWM2yBnQNKREOObQHlX.jpg,Иван Николаевич,56,ул. Нурсултана Назарбаева 193,7051991005,,,,,,,"0",,,,,2,"0",,
210,КОСТАНАЙСКИЙ ФИЛИАЛ ТОО SWEET CITY,170441011444,"0","0",,,,,,,"0",,,,,,56,,,,,,,,,,,,,,2,"0",,
159,ТОО АЛМА 2020,190440017461,"0","0",,,,,,,"0",,,,,,11,,,,,,,,,,,,,,2,"0",,
121,ТОО 12 МЕСЯЦЕВ-КОСТАНАЙ,171040032085,"0","0",,,,,,,"0",,,,,,,,,,,,,,,,,,,,2,"0",,
102,ТОО ДЕТСКИЙ МИР - КАЗАХСТАН,111040006142,"0","0",,2026-03-03 17:08:03,,,3531,,"0",,1111,1111-11-11,companies/contracts/06ITCJdFbxYEaDCjVrDjQSzbNNT4qxDacaWTJTde.pdf,Изменить нужно,1,адрес,7778899999,,,,,,,"0",,,,service_tariff,2,"0",,
429,ЖК Кристалл 2 ТОО,220140029066,"0","0",2025-11-12 09:54:10,2025-11-12 09:54:10,,,3531,,"0",,24-23,2023-11-09,companies/contracts/Zm3gzmXvkNKMzT8AjtlJV4KZjeDXtBfc6zlBdWvb.pdf,Куздеубай А,7,Улица Сатпаева 15б,7011211534,,,,,,,"0",,,,,2,"0",,
72,ТОО БЭСТ ПРАЙС КАЗАХСТАН,190640012438,"0","0",,2026-04-02 16:43:56,,,3531,,"0",,1111,1111-11-11,companies/contracts/owbdd3zjli7MNSuoZPyL9y7BOqBqvsVmhNNvqoMC.pdf,Ермаков А,1,адрес,1312212332,,,,,,,"0",,,,service_tariff,6,"0",,
482,ТОО KAZOPTFOOD,260140035928,"0","0",2026-04-03 11:57:05,2026-04-03 11:57:05,,,3531,,"0",,78-26,2026-04-01,companies/contracts/io6NtSGyYKFobWtAxuQu7X0UzzckwrDVk0cg81de.pdf,Токсанбаев А А,2,"Жетысуский район, ул. Жадаукок 26В",7715257245,,,,,,,"0",,,,service_tariff,6,"0",,
483,Тест_Полюс,8362527384949,"0","0",2026-04-04 15:03:59,2026-04-04 15:04:58,,,3499,companies/KbY5MvwNWwwWS4tLSbhMbyCsGMbI7ErV18wF939o.jpg,"0",,56-РО,2025-11-05,companies/contracts/f2gLZ5d5T3nlJgrADJynyjF64qaQDqHqitGr5dfr.pdf,Романов Петр,2,"Пушкина, 78",6194640100,,,,,,,"0",,,,agent,1,10,,
68,ИП LOFT LINKOR,640413402040,"0","0",,2026-02-27 12:07:01,,,3531,,"0",,123123,2026-02-19,companies/contracts/PuvwqmsvPEeCjuBok2z4wa7GyIaKMbnRqtG0yKzC.png,qweqweqw ewqw,7,St. Kazhymukana 12A,1234124233,,,,,,,"0",,,,service_tariff,3,"0",,
484,ТОО ТАМОЖЕННЫЙ СКЛАД - ОРАЛ,231040016411,"0","0",2026-04-08 10:18:34,2026-04-08 10:18:34,,,3531,,"0",,95-26,2026-04-02,companies/contracts/vjoFncBpCDy5cQhCpf25Voy87ALwpVU5HmJbFfqR.pdf,САГАНДЫКОВА Т О,29,"г. Уральск, ул. Потанина 14А",7011211534,,,,,,,"0",,,,service_tariff,11,"0",,
485,ТОО EURASIA GROUP KAZAKHSTAN ЕВРАЗИЯ ГРУПП КАЗАХСТАН,111240018143,"0","0",2026-04-10 16:09:30,2026-04-10 16:09:30,,,3531,,"0",,94-26,2026-04-02,companies/contracts/7XngUB7YrhQGo37yzxit0MOelSpdWyNRRWMILM14.docx,Макина К Д,1,"г.Астана, район Нура, микрорайон Караоткель, ул.Казанат, здание 1/1, 4-этаж",7056026664,,,,,,,"0",,,,service_tariff,2,"0",,
431,Жеті-Аспан-сервис ТОО,100840010829,"0","0",2025-11-13 11:40:58,2026-05-12 16:35:28,,,3531,,"0",,124124327,2025-11-13,companies/contracts/xbOo9MaqebG3taC1HEukfyhgU0eAuxFDIA0u9bMh.pdf,Шахбутова М,1,Сарайшык 34а,7011211534,,,,,,,"0",,,,agent,2,"0",,
477,тестовая компашка,45325353,"0","0",2026-03-04 17:37:13,2026-06-02 14:23:08,,,3531,,"0",,453535635,2026-02-26,companies/contracts/hdwwLVOFV3ylSU8QsX2j9Rv8dl6jrggdmmN0NwJp.pdf,Игорь Дятлов,5,"ул. Ибрагим-ата, д. 25",7455655655,,,,,,,"0",,,,agent,9,1,,
93,VIP сервис ТОО,"070441015416","0","0",2025-08-12 18:26:37,2026-06-05 18:03:41,,,3531,,"0",,11,1111-11-11,companies/contracts/pVZdOD2wKppAT49A8Iatk7byKuy2JhJWlj9C4inp.png,Ф И О,1,"пр. Сарыарка, 4",7777396704,,,,,,,"0",,,,service_tariff,6,"0",,
71,ТОО АН CONSTRUCTION STROY,210640017425,"0","0",,,,,,,"0",,,,,,4,,,,,,,,,,,,,,4,"0",,
74,ТОО ЖАЛЫН 2040,210240004334,"0","0",,,,,,,"0",,,,,,7,,,,,,,,,,,,,,4,"0",,
147,ТОО SURAYA ФИЛИАЛ В Г.АЛМАТЫ,171241026943,"0","0",,,,,,,"0",,,,,,2,,,,,,,,,,,,,,3,"0",,
67,ТОО THE CASPIAN INTERNATIONAL RESTAURANTS COMPANY,"070440007370","0","0",,2026-02-27 12:06:17,,,3531,,"0",,12123123,2026-02-20,companies/contracts/a8bAQLWUOYQUFCaw0r7rho90uIbWwo4aZZG4oSvx.png,йцвуйц йцу,2,St. Kazhymukana 12A,1231412312,,,,,,,"0",,,,agent,3,"0",,
140,ТОО NAURYZ AGRO LTD,130440031684,"0","0",,,,,,,"0",,,,,,,,,,,,,,,,,,,,3,"0",,
134,ТОО KARAGANDA BEST TRADE,160240006809,"0","0",,,,,,,"0",,,,,,11,,,,,,,,,,,,,,2,"0",,
179,ТОО МАКИНСКАЯ ПТИЦЕФАБРИКА,141140014251,"0","0",,,,,,,"0",,,,,,16,,,,,,,,,,,,,,3,"0",,
171,ТОО ЗАММЛЕР КАЗАХСТАН,200340001347,"0","0",,2026-03-11 10:19:48,,,3531,,"0",,111,1111-11-11,companies/contracts/XTbql1fYfFDOPtLpJMgawSmLASAbF6cKce0z20D9.pdf,Руководитель И,2,адрес,7056260577,,,,,,,"0",,,,service_tariff,3,"0",,
69,ИП АЛИНА И К,720621402336,"0","0",,,,,,,"0",,,,,,7,,,,,,,,,,,,,,3,"0",,
424,Тестовый 6,1245432423423,"0","0",2025-11-04 13:33:48,2025-11-04 13:33:48,,,3531,,"0",,Тестовый 6,2025-10-29,companies/contracts/yEayUmUtyBwNrsxUBJWUFYPEBBUYuhzTbFUSWuY7.docx,rgrt grtg,5,re etr t,3534534534,beimbet.m04@gmail.com,,,,,,"0",,,,,4,"0",,
469,ОсОО ГОЛДЕН КОНСТРАКШН,"02511201310181","0","0",2026-02-03 14:28:34,2026-02-27 12:04:49,,,3531,,"0",,1111,1111-11-11,companies/contracts/Ij6O3ErBVWXxtoritJb0o8AppHWNwtzUhZr57o5H.pdf,Асанов А,8,"г. Бишкек, пр. Ч. Айтматова 243",7707808802,,,,,,,"0",,,,service_tariff,4,"0",,
365,ИП SHAMSHAR,970506350573,"0","0",2025-10-02 16:37:44,2025-10-02 16:37:44,,,3499,,"0",,54545454,2025-09-29,companies/contracts/174Ei7gtuoaWo6CbZB72Fbxj58gVy2o0h3KREklJ,Руководитель Фамилия Имя,24,"пр.Азаттык, 161А, кв/офис1",7123123121,,,,,,,"0",,,,,5,"0",,
216,ФИЛИАЛТОО ПРИМА ДИСТРИБЬЮШН В Г.УРАЛЬСК,"090241002768","0","0",,,,,,,"0",,,,,,29,,,,,,,,,,,,,,2,"0",,
167,ТОО ГОСТИНИЦА КОСМОНАВТ,"030540001178","0","0",,,,,,,"0",,,,,,11,,,,,,,,,,,,,,2,"0",,
157,ТОО АЗИЯ ДЕКОР,"040640001224","0","0",,,,,,,"0",,,,,,22,,,,,,,,,,,,,,5,"0",,
129,ТОО BURABAY HOTEL MANAGEMENT,121240007497,"0","0",,,,,,,"0",,,,,,63,,,,,,,,,,,,,,5,"0",,
177,ТОО ЛЮДМИЛА-KZ,"070640009532","0","0",,,,,,,"0",,,,,,11,,,,,,,,,,,,,,2,"0",,
84,ТОО ПРИМА ДИСТРИБЬЮШН ФИЛИАЛ В ГОРОДЕ ПЕТРОПАВЛОВСК,"090541012825","0","0",,,,,,,"0",,,,,,18,,,,,,,,,,,,,,2,"0",,
150,ТОО VEDA KAZAKHSTAN (ВЕДА КАЗАХСТАН),230740025156,"0","0",,,,,,,"0",,,,,,1,,,,,,,,,,,,,,11,"0",,
120,ТОО 12 МЕСЯЦЕВ - АЛМАТЫ,"030940004654","0","0",,,,,,,"0",,,,,,,,,,,,,,,,,,,,5,"0",,
89,ИП MARSEL,920114350741,"0","0",2025-08-12 17:49:30,2025-08-12 17:49:30,,,1133,,"0",,11,1111-11-11,companies/contracts/fTgG4fBrJnHFXabqRbDvHtifbTpwgOcxtbQOZ7en.png,Ф И О,1,ул.Богенбай батыра 56,7777396704,,,,,,,"0",,,,,2,"0",,
91,ТОО РАХАТ-АСТАНА,991240000717,"0","0",2025-08-12 17:56:34,2025-08-12 17:56:34,,,1133,,"0",,11,1111-11-11,companies/contracts/0k6v1I5Se8eAhY2NqOs7FNqrR5cqe3aTTpeLhJ85.png,Ф И О,1,ул. Жиенкулова 6,7777396704,,,,,,,"0",,,,,2,"0",,
86,ТОО СКИФ ТРЕЙД,"020340002288","0","0",2025-08-12 14:33:18,2025-08-12 14:33:18,,,1133,,"0",,11,1111-11-11,companies/contracts/5wO13358m2qlxsyLuur5ufNG9pfjMvm8Umm4shmN.png,Ф И О,1,ул. Катаева 189,7777396704,,,,,,,"0",,,,,11,"0",,
175,ТОО КУБЛЕЙ,921140000433,"0","0",,,,,,,"0",,,,,,29,,,,,,,,,,,,,,5,"0",,
378,Silk Road Electronics ТОО,220740049607,"0","0",2025-10-07 15:51:56,2025-10-07 15:53:18,,,3531,,"0",,1111,1111-11-11,companies/contracts/a0DcrZKVzeG3jIixZnQgW1Y0raUB1OHFhAm6lvdh.png,Кридский А В,11,"город Сарань уч. квартал 046, стр. 652",7777777777,,,,,,,"0",,,,,5,"0",,
385,ТОО Агрофирма Азамат,201140026269,"0","0",2025-10-09 14:54:52,2025-10-09 14:54:52,,,3531,,"0",,1-25,2025-01-09,companies/contracts/rTYwYYCeJIWRfEnn48ubqHjLoSsLF2U06kHgHk9F.zip,Кондрат Р,11,улица Озерная 1Б,7770792878,,,,,,,"0",,,,,5,"0",,
222,ТОО ЭМИР-2025,250240018842,"0","0",,,,,,,"0",,,,,,17,,,,,,,,,,,,,,6,"0",,
374,Компания FoodMaster-Trade,"071041022269","0","0",2025-10-07 14:12:07,2025-10-07 14:14:00,,,3531,,"0",,1245123,2025-10-07,companies/contracts/wEXXN2ZsNyvi1vNPUKLznSjULcY35qjK8MaJVpvu.pdf,Афанасьев В,5,"г. Актобе, Санкибай батыр, 1г",7713918840,,,,,,,"0",,,,,6,"0",,
188,ТОО ПРОИЗВОДСТВЕННАЯ КОМПАНИЯ ЦЕМЕНТНЫЙ ЗАВОД СЕМЕЙ,"021240000022","0","0",,,,,,,"0",,,,,,22,,,,,,,,,,,,,,6,"0",,
367,ТОО Терра,"090340017020","0","0",2025-10-07 12:03:56,2025-10-07 12:03:56,,,3531,,"0",,25-108,2025-08-15,companies/contracts/o1RuAyzeyv4XdEJw4Qgm8R7W6ee52aLcpS3yOR6X.pdf,Утельбаев Марат Манатович,56,"Костанайская область, Карабалыкский район, п.Карабалык, трасса Алматы-Екатеринбург, зд. 3,",7076648039,,,,,,,"0",,,,,6,"0",,
450,ТОО TORGSERVICE KZ 5 ТОРГСЕРВИС КЗ 5,201040038165,"0","0",2025-12-03 16:07:00,2025-12-03 16:07:00,,,3531,,"0",,1111,1111-11-11,companies/contracts/TjaizhqW8HUrZ9FxP2mK5YE5fm9oecSoYdEuXK5e.pdf,Лукина Н,2,"6 микрорайон, д.56",7056026664,,,,,,,"0",,,,,6,"0",,
384,ТОО ARBUZ GROUP,200841021345,"0","0",2025-10-09 11:42:02,2025-10-09 11:42:02,,,3531,,"0",,1111,1111-11-11,companies/contracts/1RUVtxjaB9lUNBEMz7aumuYPKGrjPC4Ds7l1dn1G.png,Толотолхов В В,1,г. Астана ул. Юуйрат 41/3,7777777777,,,,,,,"0",,,,,6,"0",,
85,ТОО ҚАҒАНАТ COMPANY,140440031150,"0","0",2025-08-12 13:31:21,2026-05-05 11:32:29,,,3531,,"0",,11,1111-11-11,companies/contracts/kiz7JH74PyFcO8WNj8LkOJXAaulKitWYCfjRZJzQ.png,Ф И О,1,"Республика Казахстан, Г.АСТАНА, РАЙОН АЛМАТЫ, УЛИЦА ТАУЕЛСІЗДІК, 8/1",7777396704,,,,,,,"0",,,,agent,12,"0",,
432,VIP Сервис ТОО (Реддисон),150840006929,"0","0",2025-11-13 12:22:11,2026-06-04 09:55:41,,,3531,,"0",,134123412,2025-11-13,companies/contracts/UzsrRygwkIXag2uYDAwGACITRTGvYgV6OpLjmB3p.pdf,Торопов Д,1,Сарыарка дом 3/1,7011211534,,,,,,,"0",,,,service_tariff,6,"0",,
135,ТОО LATTONERIA,130940014305,"0","0",,,,,,,"0",,,,,,11,,,,,,,,,,,,,,4,"0",,
428,ИП Жариков О,581124301867,"0","0",2025-11-10 10:16:03,2025-11-10 10:16:03,,,3531,,"0",,175-25,2025-11-06,companies/contracts/eC4VeVUb56InJEXdKhLefI8Oqleu4NcmHsVYl2eq.pdf,Стекольникова Т,7,Улица Южная Промышленная зона 5В,7012970701,,,,,,,"0",,,,,6,"0",,
197,ТОО СУПЕРМАРКЕТ GULJAN,220940023787,"0","0",,,,,,,"0",,,,,,11,,,,,,,,,,,,,,6,"0",,
388,ТОО P.T.Z.,"060340001960","0","0",2025-10-09 16:40:09,2025-10-09 16:40:09,,,3531,,"0",,1111,1111-11-11,companies/contracts/30jG1YwhqCz8WR9ieFOBZQifejv749XRJKAnKUrZ.png,Ахметов Д Е,2,г. Талгар ул. сатпаева 2,7777777777,,,,,,,"0",,,,,6,"0",,
441,ТОО CENTRAL PLACE,200540003201,"0","0",2025-11-20 16:09:51,2025-11-20 16:09:51,,,3531,,"0",,1111,1111-11-11,companies/contracts/eWzsuXIYgrkXJB2xB7JeaOwLgcT27kuTJ3j4kSMz.pdf,Аубакиров Р,13,г. Костанай центральный мкр. 24Г,1111111111,,,,,,,"0",,,,,6,"0",,
154,ТОО ZTOWN DEVELOPMENT,120240000754,"0","0",,,,,,,"0",,,,,,1,,,,,,,,,,,,,,6,"0",,
438,Айт-Отель АО КТСП,950940000089,"0","0",2025-11-17 11:21:02,2025-11-17 11:21:02,,,3531,,"0",,189-25,2025-08-27,companies/contracts/AWWjBFHvLLUnTHlPHRIG8axia6knCFeblwu3cyoe.pdf,Мехмет Б,2,Улица Желтоксан 181,7011211534,,,,,,,"0",,,,,6,"0",,
144,ТОО RAMAZAN ELEVATOR,220240025631,"0","0",,,,,,,"0",,,,,,5,,,,,,,,,,,,,,6,"0",,
423,Филиал ТОО Коктем в городе Костанай,130741011100,"0","0",2025-11-04 10:13:35,2025-11-04 10:13:35,,,3531,,"0",,164-25,2025-10-08,companies/contracts/jD4Ybkb7GjoDTIo9vA75EX8kDcmTwkRfpts1lzFs.zip,Сагадатов М,56,Карбышева 44/4,7777476717,,,,,,,"0",,,,,6,"0",,
444,ТОО АВТОПРОЕКТ,"050840009665","0","0",2025-12-02 10:52:36,2025-12-02 10:52:36,,,3531,,"0",,1111,1111-11-11,companies/contracts/vtsUsgMlahcxwtEQtmmrYgs0WcVgm6TeI09YwB6A.pdf,Жумагулов Е С,1,г. Астана ул. Гете 11,7761074041,,,,,,,"0",,,,,6,"0",,
160,ТОО АЛЫП-2008,"080740018903","0","0",,,,,,,"0",,,,,,11,,,,,,,,,,,,,,6,"0",,
138,ТОО MAGNUM E-COMMERCE KAZAKHSTAN,210640039783,"0","0",,,,,,,"0",,,,,,2,,,,,,,,,,,,,,6,"0",,
386,TOO MAGNUM CASH&CARRY,"081040004326","0","0",2025-10-09 16:05:43,2025-10-09 16:05:43,,,3531,,"0",,111,1111-11-11,companies/contracts/y8L9UNyN1ldALMDQfnqWHSlEfQHUwf0xAcL6sM8K.png,Оразов Е,2,г. Алматы поселек байсерке ул. султан бейбарыса 1/2,7777777777,,,,,,,"0",,,,,6,"0",,
65,ТОО ARENA S (АРЕНА S),"090840013770","0","0",,2026-02-27 12:02:04,,,3531,,"0",,12312,2026-02-20,companies/contracts/FJEvTN1KyvZq32GisquyZriZeJ3CiNl2istPSXb1.png,Маратов Беимбет,7,St. Kazhymukana 12A,7177237128,,,,,,,"0",,,,service_tariff,6,"0",,
430,ТОО Завод Гофротара,60740005829,"0","0",2025-11-12 16:12:49,2025-11-12 16:12:49,,,3531,,"0",,173-25,2025-11-04,companies/contracts/xYbLosESnvRzygnlq02yQXVLLawfU0ToOcg3xMYw.pdf,Кайдарова А,17,Центральная 336,7011211534,,,,,,,"0",,,,,6,"0",,
474,ТОО ЭТАЛОН ВЕС +,150440021620,"0","0",2026-02-23 16:31:38,2026-02-27 11:58:16,,,3531,,"0",,25-114,2025-12-12,companies/contracts/34p4n22hKFTysPCsq6tMOzD7g56HILjiFFfM4fmQ.pdf,Мунайдарова Н Б,1,"г. Астана, район Сарыарка, ул.К.Кумисбекова 2, н.п. 1",7777785436,,,,,,,"0",,,,service_tariff,6,"0",,
467,ТОО РАХАТ ШЫМКЕНТ,"000640001069","0","0",2026-02-02 11:38:31,2026-03-04 18:19:55,,,3531,,"0",,112-25,2025-07-31,companies/contracts/YgE7cC5qadrUjoLeDoFCftChOC9V1Oaub1QbWcPN.pdf,Абзалов Умид Агралович,31,"пр. Жибек Жолы, дом 60",1212121212,,,,,,,"0",,,,service_tariff,6,"0",,
381,ТОО НӘТИЖЕ СҮТ ФАБРИКАСЫ,"05040000756","0","0",2025-10-07 16:18:38,2025-10-07 16:18:38,,,3531,,"0",,1111,1111-11-11,companies/contracts/zNAM14IwZ7Fu9uM0Gmj6nDW9SgW0Y7jPDNaDo9g4.png,ӘКПАР Д М,11,уч. квартал 089 стр.401,7777777777,,,,,,,"0",,,,,6,"0",,
442,ТОО FOOD GROUP ФУД ГРУПП,"040840003327","0","0",2025-11-20 16:37:39,2025-11-20 16:37:39,,,3531,,"0",,1111,1111-11-11,companies/contracts/4sJS3PT7hZhqDOJWQwiKLnfnEaNQ8cWcekTWsus7.pdf,Ступин С,11,"г. Караганда, ул. Молокова, стр. 112",1111111111,,,,,,,"0",,,,,6,"0",,
373,ТОО УНАГРО,"080940013256","0","0",2025-10-07 13:46:46,2025-10-07 13:46:46,,,3531,,"0",,1111,1111-11-11,companies/contracts/zmpPehjo3NqFuqkYSWHb0OdzTOmKSuE5O1VEThp5.png,Найпак А И,56,г. Костанай ул. Складская 108,7777777777,,,,,,,"0",,,,,6,"0",,
434,ТОО Food Market 1,19040001580,"0","0",2025-11-13 15:33:58,2025-11-13 15:33:58,,,3531,,"0",,171-25,2025-11-03,companies/contracts/xfGdsaKFpH6AjN34LM0Mjs5NHWwRbOZKQiHVjPmr.pdf,Шугаев Р,18,Улица Холмецкого 14,7011211534,,,,,,,"0",,,,,6,"0",,
440,Филиал ТОО СТЕЛЛ г. Костанай,161141015477,"0","0",2025-11-20 12:49:16,2025-11-20 12:49:16,,,3531,,"0",,1111,1111-11-11,companies/contracts/iZnRZQ5vrHT5oRqEkAORK6HFwEy6RzxjOzsMk1Zj.pdf,Баймухамбетова М,56,Шақшақ Жәнебік Батыр 18/2,1111111111,,,,,,,"0",,,,,6,"0",,
199,ТОО ТАВИ ПАВЛОДАР,"020540003719","0","0",,,,,,,"0",,,,,,17,,,,,,,,,,,,,,6,"0",,
390,ТОО Позитив Трэнд Z,120540006398,"0","0",2025-11-03 11:11:26,2025-11-03 11:11:26,,,3531,,"0",,10-23К,2023-05-11,companies/contracts/65qsJMQPIj2Sg3U13FRgMuWQaBU8DTaZLvqrmzMg.pdf,Холопов А,31,г. Шымкент ул. Дулати,7056260577,,,,,,,"0",,,,,6,"0",,
189,ФИЛИАЛ ТОО ПРИМА ДИСТРИБЬЮШН В ГОРОДЕ КОКШЕТАУ,"090241005346","0","0",,,,,,,"0",,,,,,13,,,,,,,,,,,,,,6,"0",,
470,ТОО AITAS BREEDERS ALMATY,130440031684,"0","0",2026-02-05 13:06:01,2026-02-27 12:03:13,,,3531,,"0",,1111,1111-11-11,companies/contracts/invJQ7PxHK1bv8JhMTCng7osmgZk1w9Q9Yh6PCdv.pdf,Трофименко Г,2,г. Конаев ул. Достык 9,7056260577,,,,,,,"0",,,,service_tariff,6,"0",,
70,ТОО АЛЬФА- КТ,970740001482,"0","0",,,,,,,"0",,,,,,7,,,,,,,,,,,,,,6,"0",,
387,ТОО ALINA GROUP,"001040003521","0","0",2025-10-09 16:35:43,2026-03-03 14:43:17,,,3531,,"0",,1111,1111-11-11,companies/contracts/SDmlHxyYbbS0SnSOfsqxlHPhUYVzgnQnTg7UsRsy.png,Удобенко Е А,2,г. Алматы Казыбаева 7А,7777777777,,,,,,,"0",,,,service_tariff,6,"0",,
173,ТОО КОМПАНИЯ ПО УПРАВЛЕНИЮ ОТЕЛЯМИ,210440023541,"0","0",,,,,,,"0",,,,,,2,,,,,,,,,,,,,,6,"0",,
439,New Kitchen ТОО ДУБЛИКАТ НЕАКТИВНЫЙ,30540075655,"0","0",2025-11-17 12:05:00,2026-06-16 15:56:13,,,3531,,"0",,25-112,2025-09-03,companies/contracts/BZteezR5bv9e51GJPLDKzKOGge4uY1PyOqo76VNN.pdf,Кумекбаева Ж,2,Мкрн Кайрат,7011211534,,,,,,,"0",,,,service_tariff,6,"0",,
168,ТОО «ЖЕТІ АСПАН»,100840010829,"0","0",,,,,,,"0",,,,,,1,,,,,,,,,,,,,,2,"0",,
208,ТОО GREEN LAND ALATAU,"090340010896","0","0",,,,,,,"0",,,,,,,,,,,,,,,,,,,,6,"0",,
141,ТОО NURA TRADE,200940020602,"0","0",,,,,,,"0",,,,,,11,,,,,,,,,,,,,,6,"0",,
224,ТОО ЯБЛОКО БЬЮТИ МАРКЕТ KZ,210540005587,"0","0",,,,,,,"0",,,,,,2,,,,,,,,,,,,,,6,"0",,
81,ТОО ТК АРОМИКА,"090240012076","0","0",,,,,,,"0",,,,,,7,,,,,,,,,,,,,,6,"0",,
192,ТОО ПРЕДПРИЯТИЕ РУБИКОМ,951040000762,"0","0",,,,,,,"0",,,,,,17,,,,,,,,,,,,,,6,"0",,
372,ТОО БЕК+,"050240007062","0","0",2025-10-07 12:45:55,2025-10-07 12:45:55,,,3531,,"0",,1111,1111-11-11,companies/contracts/QmckmtdvNgcJfgqInwh7jR7WwuXddxquc0Yn6luH.png,Ф И О,56,"Костанайская область, Федоровский район, село лесное ул. Озерная 17",7777777777,,,,,,,"0",,,,,6,"0",,
382,"ТОО ""Sinegor-Grain""",200740009862,"0","0",2025-10-07 17:00:14,2025-10-07 17:00:14,,,3531,,"0",,12412,2025-10-07,companies/contracts/rW8eNrIyoutZP9BFEYrMav82ybAggd2XN3M3VNfU.pdf,Альжанов Б,13,"Акмолинская область, г. Кокшетау, Восточная Промышленная зона, проезд 19, строение 7",7713952652,,,,,,,"0",,,,,6,"0",,
217,ТОО ТОРГОВЫЙ ДОМ «ROKOS»,240641030542,"0","0",,,,,,,"0",,,,,,2,,,,,,,,,,,,,,6,"0",,
426,ТОО Distrubiton hоus,600700192164,"0","0",2025-11-04 17:45:48,2025-11-04 17:45:48,,,3531,,"0",,166-25,2025-11-04,companies/contracts/FUAwGp31sPEfDV4HsgVFnKNztAjOXigRWzoiPelJ.pdf,Яшок С,2,Нурмакова 160,7056260577,,,,,,,"0",,,,,6,"0",,
212,АО УСТЬ-КАМЕНОГОРСКАЯ ПТИЦЕФАБРИКА,930340000261,"0","0",,,,,,,"0",,,,,,30,,,,,,,,,,,,,,6,"0",,
162,ТОО АНВАР,930340000648,"0","0",,,,,,,"0",,,,,,5,,,,,,,,,,,,,,6,"0",,
436,ТОО DALA BRAND,240140022280,"0","0",2025-11-14 16:49:22,2026-03-13 09:35:13,,,3531,,"0",,1111,1111-11-11,companies/contracts/BUHqRv4z13eSFUSZBq3O0KGKrwVTqqYjcZbEo2tv.pdf,Лопатин А,2,"г. Алматы, ул. Желтоксан, 96/98",7056260577,,,,,,,"0",,,,service_tariff,6,"0",,
369,ТОО ПЕРВОМАЙСК - ТПК,930240000248,"0","0",2025-10-07 12:24:58,2025-10-07 12:24:58,,,3531,,"0",,25-111,2025-08-26,companies/contracts/o4VP4KXpzh9xquACiNV9OgjWz5IqcSmq5qyvS1gl.pdf,Ренькас Н С,56,Орджоникидзе 54,7777777777,,,,,,,"0",,,,,6,"0",,
445,ТОО АКВА ДОМ,"031040006650","0","0",2025-12-02 17:22:07,2025-12-02 17:22:07,,,3531,,"0",,1111,1111-11-11,companies/contracts/0uarIixX9Cju0qDdTNQaqDuSj0nNQsAekS7acL5p.pdf,Ткачук В К,1,"Республика Казахстан, г. Астана, проспект М.Жұмабаев, д. 15/3",7056026664,,,,,,,"0",,,,,6,"0",,
433,ТОО Жезказган Трейд,190840014580,"0","0",2025-11-13 13:53:30,2025-11-13 13:53:30,,,3531,,"0",,176-25,2025-11-11,companies/contracts/M5fPglzydjL9AY0xvzmrhiT7yAENOmqAaL39IO3J.pdf,Шугаев Р,10,Улица Холмецкого 14,7011211534,,,,,,,"0",,,,,7,"0",,
447,ИП ЖИТНЯКОВСКИЙ,850709301673,"0","0",2025-12-02 17:40:05,2025-12-02 17:40:05,,,3531,,"0",,181-25,2025-11-27,companies/contracts/Uq9B5AYQBjFxHQ2VlIOeKDrJw8eKzy7j1KAFszVH.pdf,ЖИТНЯКОВСКИЙ ВЛАДИМИР ВИКТОРОВИЧ,2,"ул. Серпер, дом 6",7056260577,,,,,,,"0",,,,,7,"0",,
223,АКЦИОНЕРНОЕ ОБЩЕСТВО ИНОСТРАННОЕ ПРЕДПРИЯТИЕ ЭФЕС КАЗАХСТАН,971040000974,"0","0",,,,,,,"0",,,,,,11,,,,,,,,,,,,,,7,"0",,
163,ТОО АСТЫКЖАН-КОСТАНАЙ,"071140003022","0","0",,,,,,,"0",,,,,,56,,,,,,,,,,,,,,7,"0",,
371,ИП Бекерова К А,950814450510,"0","0",2025-10-07 12:36:21,2025-10-07 12:36:21,,,3531,,"0",,1111,1111-11-11,companies/contracts/Cw9ymk7c4v3psOhhaulNwotwWcZl2sFmmdjRPF8n.png,Бекерова К А,56,ул. Гоголя 61,7777777777,,,,,,,"0",,,,,7,"0",,
219,ТОО ЦИН-КАЗ,981240000517,"0","0",,,,,,,"0",,,,,,2,,,,,,,,,,,,,,7,"0",,
155,ТОВАРИЩЕСТВО С ОГРАНИЧЕННОЙ ОТВЕТСТВЕННСТЬЮ АГРО-ДАМУ,101140016373,"0","0",,,,,,,"0",,,,,,17,,,,,,,,,,,,,,7,"0",,
389,ТОО Альянс-Компании,"040640003379","0","0",2025-10-15 10:36:32,2025-10-15 10:36:32,,,3531,,"0",,11-25,2025-02-06,companies/contracts/oe78Vh7xc9veaKpu6YVBkd0KH8wmIHPjMIHysz7F.pdf,Ибраев Н,32,Ломова 162,7711245659,,,,,,,"0",,,,,7,"0",,
145,ТОО RAUZET САУДА,141040013993,"0","0",,,,,,,"0",,,,,,56,,,,,,,,,,,,,,11,"0",,
425,ТОО Almatytrade (Алматытрейд),100140009181,"0","0",2025-11-04 15:04:46,2025-11-04 15:04:46,,,3531,,"0",,172-25,2025-10-16,companies/contracts/eKY0ZHRmgyzAD8GxerhJAcsCoI5dWLn6rnFhgISt.pdf,Ахметова Г,2,улица Красногорская 71,7056260577,,,,,,,"0",,,,,7,"0",,
379,ТОО TZK-АГРО,221240011832,"0","0",2025-10-07 16:12:34,2025-10-07 16:12:34,,,3531,,"0",,1111,1111-11-11,companies/contracts/MqtFlcBF8PX0JZnM1KlEL1SAVRyJOIZt2JWyeqDN.png,Галиева Р М,11,район казыбек би ул. камская 2/1,7019208822,,,,,,,"0",,,,,7,"0",,
366,ТОО АртPLAST,"080240003799","0","0",2025-10-07 11:50:27,2025-10-07 11:50:46,,,3531,,"0",,1111,1111-11-11,companies/contracts/LiY5VBOarg8skAXD3b6eIRz6JedfmAmH6lyfpott.png,Ф И О,56,Челябинская 11Б,7775335060,,,,,,,"0",,,,,7,"0",,
435,ТОО LWS Terminal,220740029157,"0","0",2025-11-14 10:38:52,2026-03-04 16:16:17,,,3531,,"0",,76-25,2025-05-21,companies/contracts/XzIPG9GUkZxxyYBxQs8VdzvP4uxiGXHbfIrFvA7J.docx,Айтбек А,1,Улица Буйрат 63а,7056026664,,,,,,,"0",,,,service_tariff,2,"0",,
198,АО СҮТ,921140000817,"0","0",,,,,,,"0",,,,,,17,,,,,,,,,,,,,,11,"0",,
370,ТОО КЗМК ГАРАНТ,240240005036,"0","0",2025-10-07 12:31:08,2025-10-07 12:31:08,,,3531,,"0",,1111,1111-11-11,companies/contracts/PAeAubbhjTkrgxBhyevW40ZI2P7Vw6g0dUy5VuYX.png,Казымжан Г С,56,ул. Кобыланды батыра 11В,7777777777,,,,,,,"0",,,,,7,"0",,
215,ФИЛИАЛ ТОО МЕЧТА МАРКЕТ В Г.КОСТАНАЙ,121141003179,"0","0",,,,,,,"0",,,,,,56,,,,,,,,,,,,,,2,"0",,
166,ТОО ВИБРО МАСТЕР КАЗАХСТАН,130940000533,"0","0",,,,,,,"0",,,,,,5,,,,,,,,,,,,,,7,"0",,
359,Тестовая компания2,"00254245","0","0",2025-09-28 23:56:11,2025-09-28 23:56:31,,,1129,,"0",,63545645,2025-09-03,companies/contracts/cNfps7H4aWEavrJJSHO5wIcB4ro7ASXyoAjo6Hpj,Тестовый руководитель,6,"ул. Ибрагим-ата, д. 25",7546564645,,,,,,,"0",,,,,8,"0",,
449,АО УСТЬ  КАМЕНОГОРСКИЙ ТИТАНОМАГНИЕВЫЙ КОМБИНАТ,950940000178,"0","0",2025-12-03 13:05:13,2025-12-03 13:05:13,,,3531,,"0",,1111,1111-11-11,companies/contracts/oj3VYKhgYhdEJAlObnzPaBYz80PjyLsxhd0u1mg5.pdf,Мамутова А,30,ул. Шаяхметов 1/1,7770792878,,,,,,,"0",,,,,11,"0",,
453,ТОО SARA LOGISTICS AND MOVING,230240027693,"0","0",2025-12-12 10:48:39,2026-02-27 12:09:41,,,3531,,"0",,1111,1111-11-11,companies/contracts/F2X7irHOknSiy1fUKn5hSaMAgOMRKx4UE6sfRc6L.pdf,Даулеткалиева Ж,1,г. Алматы ул. Домбровского 3,7056026664,,,,,,,"0",,,,service_tariff,2,"0",,
459,ТОО LAM.TECH,"040840000635","0","0",2026-01-15 14:47:35,2026-02-27 12:07:23,,,3531,,"0",,61,2025-07-29,companies/contracts/HvD7so3Bmm31cXd3Dz2j7zCkydCY43vVsPWJrfbG.pdf,Шабанбаев Алдияр К,2,Улица Бокейханова 81Б,7011211534,,,,,,,"0",,,,service_tariff,6,"0",,
458,ФИЛИАЛ ТОО ПРИМА ДИСТРИБЬЮШН В ГОРОДЕ АСТАНА,"090141009167","0","0",2026-01-14 16:14:40,2026-02-27 12:07:46,,,3531,,"0",,1111,1111-11-11,companies/contracts/aRzawaf7ggDeddeF6b9lBb8kafaN8lFOWD40nYHh.pdf,Смаилханова Г,1,г. Астана трасса Астана - Караганда 45/2,7056026664,,,,,,,"0",,,,service_tariff,6,"0",,
456,ФИЛИАЛ ТОО ПРИМА ДИСТРИБЬЮШН В ГОРОДЕ СЕМЕЙ,90341007049,"0","0",2026-01-05 09:55:09,2026-02-27 12:08:23,,,3531,,"0",,182-25,2026-01-01,companies/contracts/Ld8Hx8iwa4cMTzX0dzHHbWnk7Y8HynaEFMD8iy7V.pdf,Зацепин АА,22,Улица Шугаева 164,7011211534,,,,,,,"0",,,,service_tariff,6,"0",,
437,TOO ISHIM LOG,240740004115,"0","0",2025-11-14 17:32:57,2025-11-14 17:32:57,,,3531,,"0",,1111,1111-11-11,companies/contracts/Tbj3Dk9yw1nsL7tdVW5zWMBAujFYD9InHqzXRqEM.pdf,Курбатов А,1,"г. Астана, ул. Бұйрат 65",7056026664,,,,,,,"0",,,,,7,"0",,
454,ИП GRACE,820809300920,"0","0",2025-12-12 16:41:56,2026-02-27 12:08:47,,,3531,,"0",,1111,1111-11-11,companies/contracts/PYFGlCP0n6CcxfKfc4A1e94UHc2iygZBJXFydbLy.pdf,ҚИЗАТ СЕРІК,1,г. Астана Достык 9,7056026664,,,,,,,"0",,,,agent,7,"0",,
383,ТОО «ОКТА ТРЕЙД»,140840000412,"0","0",2025-10-09 11:13:38,2025-10-09 11:13:38,,,3531,,"0",,123123,2025-10-09,companies/contracts/QFykVV6EYaRuSKqPQIqlG5ewjEA0j6eDXIeK24tv.pdf,Исатаева А,22,г Семей ул Пархоменко 15 заезд 1,7713918840,,,,,,,"0",,,,,10,"0",,
376,"ТОО ""Кызылжар-Кус KZ""",240640012320,"0","0",2025-10-07 14:46:28,2025-10-07 14:46:28,,,3531,,"0",,134234213,2025-10-07,companies/contracts/cSZT4jm4lYeS6CpCu3qN7pwTVv53xcvjIR2cfVet.pdf,Рахимов Е,17,Акдала 12,7713918840,,,,,,,"0",,,,,10,"0",,
377,ИП Ситников В.А.,880924300293,"0","0",2025-10-07 15:18:38,2025-10-07 15:18:38,,,3531,,"0",,16243617,2025-10-07,companies/contracts/fIGHE5P45QGq0j88ldF4ZSl9lczG1H7MoxWducDL.pdf,ИП Ситников В,19,ул. Островского 25/1,7713918840,,,,,,,"0",,,,,10,"0",,
457,ТОО ДВЕРИ АЛМАТЫ,220440021180,"0","0",2026-01-09 17:05:26,2026-02-27 12:08:03,,,3531,,"0",,111123,2026-01-09,companies/contracts/2xfll6Ty8FUjyVJMerxI73t5RqnJuVuJUHC3KcjE.png,Шагиров С,2,г. Алматы ул. Ратушного 88а,8798798798,,,,,,,"0",,,,service_tariff,11,"0",,
368,ТОО МонолитЖБИ,250440007765,"0","0",2025-10-07 12:09:18,2025-10-07 12:09:18,,,3531,,"0",,1111,1111-11-11,companies/contracts/EPHCn9daROdlvSWIFfQ8teK1FOC8RtqZyNQiEBb1.png,Капжапов Е А,56,Промзона северная уч. 607,7777777777,,,,,,,"0",,,,,11,"0",,
92,ТОО Айтас-МП,120440013019,"0","0",2025-08-12 18:24:21,2025-08-12 18:24:21,,,1133,,"0",,11,1111-11-11,companies/contracts/Hg9glPtcZTaAibfd3W3OQEU27d80pa8olnBPU6wU.png,Ф И О,30,"с.Катон-Карагай, ул.Жампеисова 19/1",7777396704,,,,,,,"0",,,,,11,"0",,
214,ФИЛИАЛ В Г.КОСТАНАЙ ТОО ПРИМА ДИСТРИБЬЮШН,"090241007997","0","0",,,,,,,"0",,,,,,56,,,,,,,,,,,,,,11,"0",,
211,ТОО ТОРГОВЫЙ ДОМ АРАСАН,181040024004,"0","0",,,,,,,"0",,,,,,20,,,,,,,,,,,,,,11,"0",,
464,ТОО НЕВАТОМ КАЗАХСТАН,200240006483,"0","0",2026-01-19 13:10:32,2026-02-27 12:06:26,,,3531,,"0",,1111,1111-11-11,companies/contracts/qYJ7s9dMeWD7VLOeKRItXEnVA7fpz12fNfcG38MI.pdf,Габриэлян Е,1,ул. Кабанбай батыра 2/2,7056026664,,,,,,,"0",,,,service_tariff,11,"0",,
463,ТОО ALINUR CONSULTING,210640020306,"0","0",2026-01-19 13:09:06,2026-02-27 12:07:00,,,3531,,"0",,1111,1111-11-11,companies/contracts/ahQFvQ9RjPj264MZlVBETyX3uNUVvxxqLPrnW3q7.pdf,Басимов Д,2,"улица Ислам Каримов, дом 56,  кв/офис 186",7056026664,,,,,,,"0",,,,service_tariff,11,"0",,
465,ТОО ДСК GLB,210540029009,"0","0",2026-01-19 13:11:44,2026-02-27 12:05:45,,,3531,,"0",,1111,1111-11-11,companies/contracts/xpdIlWOIHbQZBIXhmzNzx3uKq3q0gX16P5LbIwge.pdf,Касымов Э,1,ул. 92 зд.2,7056026664,,,,,,,"0",,,,service_tariff,11,"0",,
375,ТОО GREEN VITAMIN,161140023809,"0","0",2025-10-07 14:18:01,2025-10-07 14:18:01,,,3531,,"0",,1111,1111-11-11,companies/contracts/IAyDC6foECryJQjZwIpGWSzf5DHm0HT98iwzZWuk.png,Дисаров Д Л,5,"Актобе, проспект 312 Стрелковой дивизии 44Л",7777777777,,,,,,,"0",,,,,12,"0",,
486,ТОО САНТЕХ КОМПЛЕКТ ГРУПП,150240009367,"0","0",2026-04-14 16:11:03,2026-04-14 16:11:03,,,3531,,"0",,97-26,2026-04-10,companies/contracts/vXPTGbojrpq9asr3QMu83i6WZVdsZJ0vnPHmTX2T.pdf,Уббиниязова Ж Ж,2,"С. ОТЕГЕН БАТЫР, УЛ. ЗАМАНБЕКА БАТТАЛХАНОВА 7В",7056260577,,,,,,,"0",,,,service_tariff,2,"0",,
487,ТОО XARTI FOIL,180340006292,"0","0",2026-04-16 17:08:38,2026-04-16 17:08:38,,,3531,,"0",,76-26,2026-02-26,companies/contracts/VPK7pNJzWZWGsfovJ1GYUsr77kJyAydL3Bf2btfq.docx,Ахметов Р Ш,2,"Алматы, р-н Наурызбайский, микрорайон Акжар, ул. Ж. Бекешев, д.57",7777476717,,,,,,,"0",,,,service_tariff,3,"0",,
488,Jet Logistic,"0711140015363","0","0",2026-05-04 18:33:01,2026-05-04 18:33:01,,,3531,,"0",,78-26,2026-03-03,companies/contracts/mEKjiJZ52ZRKFnD08629zJnGzeEBBfQCL2tfSovT.pdf,Мухамеджанов Р,1,ул. Мустафина,7011211534,,,,,,,"0",,,,agent,11,"0",,
169,ТОО ЗАВОД АБК-БЕТОН,110340018878,"0","0",,2026-03-06 14:04:49,,,3531,,"0",,1111,1111-11-11,companies/contracts/rOOIdvCmmivuNGpacNdBnYu2HOcU7bh7OnSVYhFj.pdf,Ф И О,1,адрес,2121212121,,,,,,,"0",,,,service_tariff,11,"0",,
466,ТОО Алина Компании 2008,"080840001724","0","0",2026-01-27 15:37:33,2026-02-27 12:05:32,,,3531,,"0",,54-26,2026-01-26,companies/contracts/gP9zW2fcHi73xDJBLc5u4RvCGwtz9wmIChkzUBN2.pdf,Синенкова Валентина В,11,"Пригородная, Строение 1Б",7011211534,,,,,,,"0",,,,agent,2,"0",,
77,ИП СВЕЖИЙ ПРОДУКТ,870803400031,"0","0",,,,,,,"0",,,,,,7,,,,,,,,,,,,,,2,"0",,
468,ОсОО АРТВИН ДЕВЕЛОПМЕНТ,"00103202310062","0","0",2026-02-03 10:39:36,2026-02-27 12:04:57,,,3531,,"0",,111,1111-11-11,companies/contracts/ZIsoT7KpqSvD2QuhSeElD3QOs32VpT5swoBOoL94.pdf,Асанов А,8,"г. Бишкек, пр. Ч. Айтматова 243","0707808802",,,,,,,"0",,,,service_tariff,4,"0",,
79,АКЦИОНЕРНОЕ ОБЩЕСТВО TECHNODOM OPERATOR,121140008045,"0","0",,,,,,,"0",,,,,,1,,,,,,,,,,,,,,2,"0",,
490,TOO NURGROUPLTD,"070740006908","0","0",2026-05-08 11:06:59,2026-05-08 11:06:59,,,3531,,"0",,98-26,2026-05-04,companies/contracts/vw8rOpPgfdJsE3WC1o0AjCgwcuLAo0TgmXoHyxJM.pdf,ТОҚТАҒАЗЫ Қ Қ,2,ВКО г. Зайсан 33А,7056260577,,,,,,,"0",,,,service_tariff,2,"0",,
491,TOO SOLVE LOGISTICS,231140026264,"0","0",2026-06-01 08:50:39,2026-06-01 08:50:39,,,3531,,"0",,99-26,2026-05-05,companies/contracts/yZOSua0G0TI8WGwVy79bZDAV3Kngotp0Z4N2cg55.pdf,Бейсенбек М М,2,"г. Алматы, ул. Маркова 22/37",7056260577,,,,,,,"0",,,,service_tariff,3,"0",,
496,ТОО «CAPS LOCK»,200740020427,"0","0",2026-06-18 15:13:04,2026-06-18 15:17:57,,,3531,,"0",,106-26,2026-06-17,companies/contracts/TifwRKh1l710TQ0VZ0pzS4iWjlGPceQH8icDKeAX.docx,Ермекбаева Я,1,"г. Астана, район Есиль, пр. Туран 24",7011211534,,,,,,,"0",,,,agent,2,"0",,s3
492,ТОО PTZ,"060340001960","0","0",2026-06-03 16:24:47,2026-06-03 16:31:21,,,3531,,"0",,66-25,2025-05-01,companies/contracts/aHFCHNduEQ7H4A69zjXGW5Dbi6oLsj4mWEiXIyWj.docx,Ахметов Д Е,26,"Алматинская область, г.Талгар, ул. Сатпаева, 2",7715254050,,,,,,,"0",1,2026-06-03 16:31:21,,service_tariff,6,"0",,
493,ТОО STROY КОМПЛЕКС,210740003331,"0","0",2026-06-04 09:32:04,2026-06-04 09:44:43,,,3531,,"0",,102-26,2026-05-28,companies/contracts/h00H3qp6Ow0z6vLOn9YFIVrIRkFLdQgy2ipdkWhW.docx,АБУЛКАДЫРОВА Ш А,1,АДРЕС,7056260577,,,,,,,"0",,,,service_tariff,11,"0",,
494,ТОО ДОВЕКУ,"081040008567","0","0",2026-06-10 17:36:00,2026-06-10 17:36:00,,,3531,,"0",,111,1111-11-11,companies/contracts/zEfVtwcfhpfZs8bgVamhJW0aeDTGvbNyD0z5LlI7.pdf,Шарипов Х Х,5,ул. Зинченко 4,7715254060,,,,,,,"0",,,,service_tariff,6,"0",,
495,ИП КАСКАНОВА,880512400656,"0","0",2026-06-16 14:56:56,2026-06-16 14:56:56,,,3531,,"0",,100-26,2026-04-01,companies/contracts/QtpgrSaBQHEZOrNQxrODl1KTaWFxT83AhWemhj5z.pdf,КАСКАНОВ А,1,НЕТ АДРЕСА,7711037194,,,,,,,"0",,,,service_tariff,12,"0",,s3
452,ТОО NEW KITCHEN,"030540015655","0","0",2025-12-10 15:37:41,2026-06-16 15:56:20,,,3531,,"0",,1111,1111-11-11,companies/contracts/1sG0g0iUTl9d0l67arW8yu86FHe9WecDEDcHsz7t.pdf,Кумекбаев Ж,1,"г. Алматы, Турксибский р-он мкр. Директор Арғын Алдияр Серікұлы Кайрат, 282",7017070662,,,,,,,"0",,,,service_tariff,6,"0",,
75,ТОО КОМПАНИЯ ЭВРИКА,120140015907,"0","0",,,,,,,"0",,,,,,2,,,,,,,,,,,,,,4,"0",,
76,ТОО САУДА COMPANY 2030,220640036354,"0","0",,,,,,,"0",,,,,,2,,,,,,,,,,,,,,4,"0",,
78,ИП СТЕПАНОВ Д.В.,870625300484,"0","0",,,,,,,"0",,,,,,7,,,,,,,,,,,,,,4,"0",,
80,ТОО ТЕХНОGRAD,110440012298,"0","0",,,,,,,"0",,,,,,2,,,,,,,,,,,,,,4,"0",,
82,ТОО BULAK,960940000615,"0","0",,,,,,,"0",,,,,,4,,,,,,,,,,,,,,4,"0",,
87,ТОО Magnum E-commerce Kazakhstan,210640039783,"0","0",2025-08-12 17:36:49,2025-08-12 17:36:49,,,1133,,"0",,11,1111-11-11,companies/contracts/uOGvzlc0Ed6Dk08DLwbnZNLVH3v53bLxd2diyxTF.png,Ф И О,2,мкр. Астана 1/10,7777396704,,,,,,,"0",,,,,4,"0",,
461,2,65465465,"0","0",2026-01-15 14:49:03,2026-01-15 14:51:58,,,3531,,"0",,12321,1111-11-11,companies/contracts/ZaFq2pFqn1JAaKkVrZKhZzdYIbCjsQ4aphdUYcC5.pdf,Окасов А,2,адрес,5646549879,,,,,,,"0",,,,,4,"0",,
130,ТОО ECOMAF,190840023183,"0","0",,2026-05-08 14:20:47,,,3531,,"0",,1111,1111-11-11,companies/contracts/LeR0Gs6MRoUv0gH6ODVXhDu5xWFQnILIFj1Y8NeQ.pdf,А А,1,адрес,2123133332,,,,,,,"0",,,,service_tariff,6,"0",,
115,Удалить,"070440007370","0","0",,2026-06-03 15:18:44,,,3499,,"0",,1,1111-11-11,companies/contracts/o895nDhecWR0yyAQMjZ34i7ZpPHnz1n8XZfpq69H.pdf,а а,2,1,1231231231,,,,,,,"0",,,,service_tariff,4,"0",,
116,ТОО ESTAU COMPANY,"040740007544","0","0",,,,,,,"0",,,,,,,,,,,,,,,,,,,,4,"0",,
117,ТОО FUTURE TRADE COMPANY,140340023592,"0","0",,,,,,,"0",,,,,,,,,,,,,,,,,,,,4,"0",,
118,ИП АМИР,811006300054,"0","0",,,,,,,"0",,,,,,,,,,,,,,,,,,,,4,"0",,
122,ИП ADBS-PRO.COMPANY,810803301459,"0","0",,,,,,,"0",,,,,,,,,,,,,,,,,,,,4,"0",,
123,ТОО ADMIX SPORT (АДМИКС СПОРТ),220240009868,"0","0",,,,,,,"0",,,,,,,,,,,,,,,,,,,,4,"0",,
124,ТОО AITAS MEAT DISTRIBUTION,150340018687,"0","0",,,,,,,"0",,,,,,,,,,,,,,,,,,,,4,"0",,
125,ТОО ALDAR EUROASIA HOSPITALITY,180540018684,"0","0",,,,,,,"0",,,,,,,,,,,,,,,,,,,,4,"0",,
126,ТОО ALTERRA INN,100240005414,"0","0",,,,,,,"0",,,,,,,,,,,,,,,,,,,,4,"0",,
128,ТОО AQUA ALLIANCE,130640001670,"0","0",,,,,,,"0",,,,,,,,,,,,,,,,,,,,4,"0",,
131,ТОО FAGO,240740000945,"0","0",,,,,,,"0",,,,,,2,,,,,,,,,,,,,,4,"0",,
133,ТОО GVART GROUP CONSTRUCTION,121040019374,"0","0",,,,,,,"0",,,,,,1,,,,,,,,,,,,,,4,"0",,
88,ТОО Trade Retail Group,220440022634,"0","0",2025-08-12 17:40:51,2025-12-24 10:20:33,,,1133,,"0",,11,1111-11-11,companies/contracts/Ik8IUrJ6qaVTIPQcruV6OoxNRLpqE4hUUhTXpn8t.png,Ф И О,2,ул. Байшешек 33,7777396704,,,,,,,"0",1,2025-12-24 10:20:33,,,4,"0",,
137,ТОО LWS TRANSIT,231040037642,"0","0",,,,,,,"0",,,,,,56,,,,,,,,,,,,,,4,"0",,
139,ТОО MGAME ALMATY,210540029475,"0","0",,,,,,,"0",,,,,,2,,,,,,,,,,,,,,4,"0",,
142,ТОО OFFICE-EXPERT.KZ,110840005091,"0","0",,,,,,,"0",,,,,,2,,,,,,,,,,,,,,4,"0",,
143,ТОО ORDA-MART,160240007749,"0","0",,,,,,,"0",,,,,,1,,,,,,,,,,,,,,4,"0",,
146,ТОО SMART COWORKING,"070740008032","0","0",,,,,,,"0",,,,,,1,,,,,,,,,,,,,,4,"0",,
151,ТОО WORLD GREEN COMPANY,181040020478,"0","0",,,,,,,"0",,,,,,29,,,,,,,,,,,,,,4,"0",,
152,ТОО YM POST.KZ,240440011917,"0","0",,,,,,,"0",,,,,,2,,,,,,,,,,,,,,4,"0",,
153,ТОО ZERE-2016,160140000609,"0","0",,,,,,,"0",,,,,,11,,,,,,,,,,,,,,4,"0",,
156,ТОО АГРОФИРМА АЗАМАТ,201140026269,"0","0",,,,,,,"0",,,,,,11,,,,,,,,,,,,,,4,"0",,
161,ИП АМАНБАЕВА НАДИЯ РАФКАТОВНА,820626450186,"0","0",,,,,,,"0",,,,,,56,,,,,,,,,,,,,,4,"0",,
164,ТОО ӘДІЛ АСТАНА ҚҰРЫЛЫС,140240013938,"0","0",,,,,,,"0",,,,,,1,,,,,,,,,,,,,,4,"0",,
165,ТОО ВИАМИН КАЗАХСТАН,111040011644,"0","0",,,,,,,"0",,,,,,13,,,,,,,,,,,,,,4,"0",,
136,Удалить нужно клиента,220740029157,"0","0",,2026-03-04 16:21:55,,,3531,,"0",,ё1111,1111-11-11,companies/contracts/AArOJNPeH2ZgabByY30v6uG3NWjLOjZ3QPtw3mnx.pdf,Удалить Нужно,5,УДалтить,1231231231,,,,,,,,,2026-03-04 16:21:06,2026-03-04 16:21:21,agent,4,"0",,
148,ТОО SURAYA,170140015540,"0","0",,,,,,,"0",,,,,,1,,,,,,,,,,,,,,2,"0",,
83,ТОО ПРИМА ДИСТРИБЬЮШН ФИЛИАЛ В Г.АТЫРАУ,"090141008288","0","0",,,,,,,"0",,,,,,7,,,,,,,,,,,,,,2,"0",,
170,ТОО ЗАВОД ГОФРОТАРА,"060740005829","0","0",,,,,,,"0",,,,,,17,,,,,,,,,,,,,,4,"0",,
172,ИП ХРАПКО ЕЛЕНА АНДРЕЕВНА,940131400583,"0","0",,,,,,,"0",,,,,,26,,,,,,,,,,,,,,4,"0",,
174,ТОО КОСТАНАЙ АГРО ПРОДУКТ,140340013634,"0","0",,,,,,,"0",,,,,,56,,,,,,,,,,,,,,4,"0",,
209,ТОО GULSER COMPUTERS (ГУЛСЕР КОМПЬЮТЕРС),"081040013276","0","0",,2026-03-26 09:55:01,,,3531,,"0",,1111,1111-11-11,companies/contracts/BayFEVnz4es0SbtlLBRKnepZRQXxrNX8lz4cMlQb.jpg,Ф И О,2,адрес,7715255755,,,,,,,"0",,,,service_tariff,2,1,,
178,ФИЛИАЛ ТОО ЛЮДМИЛА-KZ В Г.АЛМАТЫ,181141032916,"0","0",,,,,,,"0",,,,,,2,,,,,,,,,,,,,,4,"0",,
181,ТОО ОҢТҮСТІК-ҚҰРЫЛЫС-СЕРВИС,"010340004024","0","0",,,,,,,"0",,,,,,,,,,,,,,,,,,,,4,"0",,
182,ОСОО EURO TECHSTROY,"00512200810071","0","0",,,,,,,"0",,,,,,8,,,,,,,,,,,,,,4,"0",,
184,ОСОО ГОЛДЕН КОНСТАРКШЕН,"02511201310181","0","0",,,,,,,"0",,,,,,8,,,,,,,,,,,,,,4,"0",,
185,ОСОО ЖАНА ПОСТ,"02601202410466","0","0",,,,,,,"0",,,,,,8,,,,,,,,,,,,,,4,"0",,
186,ОСОО РИХА Г. БИШКЕК,"021111996100","0","0",,,,,,,"0",,,,,,8,,,,,,,,,,,,,,4,"0",,
187,ТОО ПИЩЕТОРГ,100940010486,"0","0",,,,,,,"0",,,,,,11,,,,,,,,,,,,,,4,"0",,
193,ТОО САРЫАРҚА НАН ҚАРАҒАНДЫ,150740015111,"0","0",,,,,,,"0",,,,,,11,,,,,,,,,,,,,,4,"0",,
194,ТОО САУЫТ КОМПАНИ,120240014794,"0","0",,,,,,,"0",,,,,,4,,,,,,,,,,,,,,4,"0",,
196,ТОО СПОРТМАСТЕР КАЗАХСТАН,110440015004,"0","0",,,,,,,"0",,,,,,1,,,,,,,,,,,,,,4,"0",,
200,ТОО ТДС КОСТАНАЙ,210240026261,"0","0",,,,,,,"0",,,,,,56,,,,,,,,,,,,,,4,"0",,
201,ИП ТЕМИРБЕКОВА Д.С.,820426450842,"0","0",,,,,,,"0",,,,,,13,,,,,,,,,,,,,,4,"0",,
202,ТЕПЛИЧНЫЙ КОМПЛЕКС ГРЭС,120140020577,"0","0",,,,,,,"0",,,,,,,,,,,,,,,,,,,,4,"0",,
203,АО ТЕСHПОDОM OPERATOR,121140008045,"0","0",,,,,,,"0",,,,,,1,,,,,,,,,,,,,,4,"0",,
204,ТОО 3A SAFETY GROUP,160640006864,"0","0",,,,,,,"0",,,,,,2,,,,,,,,,,,,,,4,"0",,
205,ТОО AQUILA LOGISTICS,230140006306,"0","0",,,,,,,"0",,,,,,2,,,,,,,,,,,,,,4,"0",,
206,ТОО PIPE-PLAST Г. АЛМАТЫ,211040012970,"0","0",,,,,,,"0",,,,,,2,,,,,,,,,,,,,,4,"0",,
183,6,6,"0","0",,2026-02-11 10:27:46,,,3531,,"0",,6,1111-03-12,companies/contracts/2u0xjfXXxOzi1QhwFS3hxqlU1qE9penF1RNa2RWw.pdf,Афы ы,5,1,1546465456,,,,,,,,,,,,4,"0",,
213,ТОО УСТЬ-КАМЕНОГОРСКИЙ МУКОМОЛЬНЫЙ КОМБИНАТ,990940000839,"0","0",,,,,,,"0",,,,,,30,,,,,,,,,,,,,,4,"0",,
218,ТОО APPLE CITY CORPS,"060840003599","0","0",,,,,,,"0",,,,,,2,,,,,,,,,,,,,,4,"0",,
220,ЧАСТНАЯ КОМПАНИЯ ASTANA LOGISTICS SERVICE LTD,210940900489,"0","0",,,,,,,"0",,,,,,1,,,,,,,,,,,,,,4,"0",,
221,ЧАСТНАЯ КОМПАНИЯ SILK ROAD RESOURCES LTD,240140900544,"0","0",,,,,,,"0",,,,,,1,,,,,,,,,,,,,,4,"0",,
225,"Товарищество с ограниченной ответственностью ""Яблоко Бьюти Маркет KZ""",210540005589,"0","0",,,,,,,"0",,,,,,2,,,,,,,,,,,,,,4,"0",,
358,ИСПЫТАТЕЛЬ,111222333444,"0","0",2025-09-27 08:53:59,2025-09-27 08:53:59,,,1129,,"0",,1-тест,2025-09-01,companies/contracts/kU9RF7ZPwjkWZfaDCJDEzQKN9HSjGMM7VTL5dKMy.zip,Кузьмин Алексей,1,Алтыбакан 1,7052404612,kaleg80@gmail.com,,,,,,"0",,,,,4,"0",,
360,Тестовая компания Амарант,4552455425,"0","0",2025-10-02 16:22:55,2025-10-02 16:22:55,,,3499,,"0",,5515,2025-09-29,companies/contracts/VItwEiIzMMwSYPFRYaMEIBStHBWWvwlz1ibUuDZc.pdf,Свиридов Сергей Николаевич,2,"8мкр, д.15",7652532532,,,,,,,"0",,,,,4,"0",,
361,Тестовая компания Амарант2,652556321,"0","0",2025-10-02 16:30:27,2025-10-02 16:30:27,,,3499,,"0",,45454,2024-10-10,companies/contracts/iVlBRg3UK5ruxIejvXpbLN6oAzOpnmjjTH34oQM4,Веселов Сергей Степанович,31,"ул. Ибрагим-ата, д. 25",7425253563,,,,,,,"0",,,,,4,"0",,
362,Тестовая компания 4,151151,"0","0",2025-10-02 16:32:25,2025-10-02 16:32:25,,,3499,,"0",,565512,2025-09-29,companies/contracts/kvNcSzVo0rEVeaS74KyWYOqlKerF4FrSyh8xCOoX.pdf,Соколов Олег Николаевич,36,"8мкр, д.15",7563531313,,,,,,,"0",,,,,4,"0",,
364,Тестовая компания 5,151151,"0","0",2025-10-02 16:35:17,2025-10-02 16:35:17,,,1129,,"0",,6454152,2025-09-30,companies/contracts/Vsu4gqUax4BUK1YBRoPlhukQZwX552HNtfTtV3Aw,укак кепке еренр,45,"8мкр, д.15",7523663363,,,,,,,"0",,,,,4,"0",,
380,ТОО НӘТИЖЕ-ТӘТТІ,201240020481,"0","0",2025-10-07 16:15:02,2025-10-07 16:15:02,,,3531,,"0",,1111,1111-11-11,companies/contracts/O3eEVROjaVF5Jn3K4d4JTDbSzsZ25d4x8Sf3k32b.png,Әшім Е М,11,Район Бокейхан уч. квартал 089 стр.401,7777777777,,,,,,,"0",,,,,4,"0",,
443,ОЗОН Маркетплейс Казахстан»,180200401198,"0","0",2025-11-30 21:33:19,2025-11-30 21:33:19,,,3531,,"0",,180-25,2025-09-01,companies/contracts/N0ienZLtb64LrzJBSaeZv4UAnh1VlRYxToQlkOqL.pdf,Куанышева Лаура Слямканован,2,"Карасайский район, с. Береке, АКХ Жетысу, 1095",7011211534,,,,,,,"0",,,,,2,"0",,
180,На удаление 1,11111111111,"0","0",,2025-12-29 15:11:36,,,3531,,"0",,111,1111-11-11,companies/contracts/3lf6c9tipaDr4YMTxaXBZaeELv7pA2VpYwNa9xDq.pdf,А А,6,1,1231232132,,,,,,,"0",,2025-11-16 19:54:16,2025-12-29 15:11:04,,4,"0",,
158,4,2345687951,"0","0",,2026-02-06 12:19:06,,,3531,,"0",,1111,1111-11-11,companies/contracts/I6Wk0mDtMWNkMX5FXGN9FbLJKyZopfdp0zsZDw1p.pdf,Удалить А,30,Удалить нужно,7715255755,,,,,,,,,,,,4,"0",,
472,ТОО IRBIS LOGISTIC,221240024943,"0","0",2026-02-16 15:49:37,2026-03-02 13:09:48,,,3531,,"0",,1111,1111-11-11,companies/contracts/0AHPWB1ikNLUa6NfdSAspdmkjKdk6OR5WATyxEOy.pdf,Акилова Д,2,"г. Алматы, пр. Суюнбая 258/4",7474030739,,,,,,,"0",,,,service_tariff,11,"0",,
176,АО ЛОТТЕ РАХАТ,920540000128,"0","0",,2026-03-04 17:23:13,,,3531,companies/lQhBDrjVrKkYeAJwNJxcDGNmtb1hAdSslCj97uVu.jpg,"0",,174,2025-05-30,companies/contracts/OVll5ESdKrioCMXVwdOv3pZEHQoJbWtgOak2wM7a.pdf,Ахраров А,2,"г. Алматы, ул. Зенкова, дом 2а",7771112211,,,,,,,"0",,,,service_tariff,6,"0",,
471,ТОО Компания Фудмастер-Трейд в г. Актау,"091241013954","0","0",2026-02-12 11:44:44,2026-02-12 11:44:44,,,3531,,"0",,60-26,2026-02-01,companies/contracts/cIgb1Qf9fwWJamCpoZL7rB21xXhYvyH85HuR7Tle.jpg,Конысбаева Г,4,"Промзона 1, Арыстан-1 база, 81 гимарат",7011211534,,,,,,,"0",,,,,2,"0",,
455,Актауский филиал ТОО KDV Казахстан,170141010693,"0","0",2025-12-24 15:51:38,2025-12-24 15:51:38,,,3531,,"0",,23-26,2025-12-24,companies/contracts/bzZGb9IPLCmWK205HDjovrYOYTvMM3iEfaqNmLZ2.pdf,Кинаятов Ф,4,Промзона 6,7011211534,,,,,,,"0",,,,,2,"0",,
446,Тест Бактияр,"01234567898","0","0",2025-12-02 17:36:23,2026-03-02 15:14:12,,,3531,,"0",,1111,1111-11-11,companies/contracts/LPdLL0dYLL1JB5oJ2wnNwPLjw2J6xaoqgBajMRYL.pdf,Арғын Б С,1,"Астана, Ул. Кажымухана, 12а, офис 708",7777396704,itadm@unigroup.kz,,,,,,"0",,,,agent,3,"0",,
462,ОСОО Юнигрупп,"012313213456","0","0",2026-01-15 15:05:31,2026-01-15 15:05:31,,,3531,,"0",,1111,1111-11-11,companies/contracts/Kw6IFjqd8ACiYPtOarEnPSWoLD7V4bwxfIi7fNzB.pdf,Аргын Б,8,г. Бишкек ул. М. Горького 142,9961234568,,,,,,,"0",,,,,4,"0",,
473,Кондитерский дом Куликовский,"01402200710216","0","0",2026-02-17 10:40:03,2026-02-17 10:40:03,,,3531,companies/SMJsEiHB4zIAYUlFVgRYlSNBRaNlIp330vactKzQ.png,"0",,163-25,2025-10-06,companies/contracts/3c0sCaCDUBRCmprepDqoyGvkdnuYaFKI0b1fur9n.pdf,КОРШУНОВ С,8,"Кыргызская Республика, г. Бишкек, ул. Алматинская 2","0552447477",,,,,,,"0",,,,,4,"0",,
448,ТОО СКИФ ФУД,241040019180,"0","0",2025-12-02 18:22:35,2025-12-02 18:22:35,,,3531,,"0",,1111,1111-11-22,companies/contracts/qD514xXQOTTGtuoaUISmeEMFBAI0zeRNiMC8xHl3.pdf,Карибаева Д,1,г. Астана ул. Субханбердина 2/1,7056026664,,,,,,,"0",,,,,11,"0",,
451,ТОО KAZ MILL EXPORT,250540032899,"0","0",2025-12-05 15:22:54,2025-12-05 15:22:54,,,3531,,"0",,1111,1111-11-11,companies/contracts/7vNtYdHJtZxBnGBKbNwatmahbY5OpVOX08EQwmuU.pdf,Айтпеков А,13,Проспект Назарбаева 125,7056026664,,,,,,,"0",,,,,7,"0",,
